45.190.140.9;ip;02.09.2022, 00:54:44;;26.12.2022, 22:22:38;01.09.2022, 03:00:00;23.12.2022, 03:00:00;
222.120.126.210;ip;22.12.2021, 17:47:03;;02.12.2022, 12:38:06;21.12.2021, 03:00:00;11.10.2022, 03:00:00;
firenzetoday.it/cronaca/furto-negozio-telefoni-viale-talenti.html?fbclid=iwar2h0o6ne6wmhpowxseyuf5c8c4kbnz82c6j-mn14m495k0ej9smfo4w2em;url;05.09.2022, 22:37:12;;05.12.2022, 04:48:44;;;
49.91.243.54;ip;07.11.2022, 00:26:28;;18.12.2022, 18:06:18;06.11.2022, 03:00:00;27.11.2022, 03:00:00;
c05424c5db38c758e4fe19dedf44fd5ab62baa06055dc566621b7bc04ee6dbeb;sha256;02.09.2022, 18:54:58;;05.12.2022, 04:48:37;02.09.2022, 17:59:00;27.10.2022, 16:58:00;
ec5ca1dd43be102225922cbc4743f8e3;md5;16.06.2022, 16:21:29;;;17.02.2018, 15:18:00;25.12.2022, 21:08:00;
bcfd513a851e684be73c9286b757ad39305528b2;sha1;16.06.2022, 16:21:48;;;21.11.2018, 04:43:00;17.12.2022, 21:19:00;
f29dafb5934fee85ba20e2be9332a536;md5;19.08.2022, 21:53:13;;20.08.2022, 00:35:22;19.08.2022, 20:52:00;27.12.2022, 14:17:00;
203.32.121.210;ip;16.08.2022, 00:08:55;;27.11.2022, 13:06:08;15.08.2022, 03:00:00;24.12.2022, 03:00:00;
600d5f5e1d57ddb168fba428c3f9fe35;md5;22.08.2022, 18:57:27;;05.12.2022, 04:48:55;19.08.2022, 23:42:00;06.09.2022, 00:56:00;
a9fb2adfb4145bf08ff45f988abd5aea;md5;05.09.2022, 12:58:43;;05.12.2022, 04:48:37;05.09.2022, 11:45:00;05.09.2022, 11:54:00;
888e7c99b123e19aec3483c505b48c3937c9e66ace1069e5a5eba4675b423e26;sha256;16.06.2022, 16:22:38;;;06.03.2020, 11:43:00;15.12.2022, 09:31:00;
kmsauto lite 1.6.6.7z;file;10.08.2022, 16:51:17;;;;;
b4408e44706e5e529453f1c5657e31f9;md5;05.12.2022, 03:42:19;;07.12.2022, 11:27:09;05.12.2022, 02:10:00;25.12.2022, 15:52:00;
188.49.78.242;ip;23.11.2022, 01:55:45;;03.12.2022, 12:58:58;22.11.2022, 03:00:00;30.11.2022, 03:00:00;
0c39b9aaa5425f9eab6e88ed99078da3e1d5f4493c1a9fd0ea1fd047f9e3dd0c;sha256;25.11.2022, 11:19:12;;;24.11.2022, 10:26:00;18.12.2022, 10:35:00;
110.83.152.234;ip;28.11.2022, 11:31:35;;29.11.2022, 11:50:53;27.11.2022, 03:00:00;27.11.2022, 03:00:00;
7ba4642525a565a3a2ccfccf1b972a74;md5;18.05.2022, 10:34:38;;;03.03.2022, 02:26:00;27.12.2022, 10:03:00;
247518ea34bda7d0176076eafb4c4bab;md5;26.08.2022, 12:16:20;;05.12.2022, 04:48:40;25.08.2022, 11:54:00;05.09.2022, 10:02:00;
eco-bottega.it/wp-content/cache/wpo-minify/1669934481/assets/wpo-minify-footer-jquery_jqtransform_script.min.js;url;12.12.2022, 10:44:49;;;;;
93ea9a33d94d785518e4e7abea43437fad7a00e447583f6e1f65249020409764;sha256;15.12.2022, 11:00:30;;;15.12.2022, 05:44:00;15.12.2022, 10:15:00;
2a0cc6ca0197acfb43ae712179f45e2f;md5;16.06.2022, 16:22:00;;;04.11.2021, 13:50:00;26.12.2022, 18:47:00;
182.123.198.93;ip;01.12.2022, 12:11:58;;;30.11.2022, 03:00:00;24.12.2022, 03:00:00;
6ea06d00fe0d682fa44d3ecdd403975f77faeed1;sha1;18.05.2022, 10:33:54;;;02.05.2022, 09:19:00;19.12.2022, 16:31:00;
网络攻防研究-实战漏洞利用与��权.zip;file;17.06.2022, 01:27:22;;;;;
win10.vn - pmhct v1.2_221216.rar;file;05.09.2022, 12:59:03;;05.12.2022, 04:48:57;;;
172.67.180.52;ip;12.10.2021, 17:19:55;28.09.2021, 10:11:07;27.11.2022, 13:05:58;23.03.2021, 15:32:06;24.12.2022, 03:00:00;
94cef08713ced24a3693d330c27e27681455a304;sha1;15.12.2022, 11:03:20;;;13.12.2022, 03:58:00;23.12.2022, 11:27:00;
c1fe26901dde56c1d3b6b5157f7c09e8561c69a838a573ab43fd84ba712a5fe8;sha256;19.10.2021, 17:31:21;13.10.2021, 13:36:25;24.11.2021, 09:16:21;15.11.2017, 04:13:00;27.12.2022, 11:59:00;
5b47356b12e30347b0531b114c300020;md5;16.06.2022, 16:21:33;;;16.11.2017, 12:18:00;26.12.2022, 16:06:00;
2e712ca1e73695f7f1f6c23ab31d361eabd96ee5eaf2eb6fdab2b7e573a54955;sha256;05.09.2022, 16:29:55;;05.12.2022, 04:48:40;05.09.2022, 14:59:00;15.09.2022, 16:40:00;
a6855429bcf49ab12f4c4dd7f183a9bf;md5;16.06.2022, 16:22:15;;05.12.2022, 04:48:57;12.04.2022, 00:46:00;05.09.2022, 11:43:00;
16c8ad6cd2cfa5067e2741a70164495f;md5;16.06.2022, 16:21:28;;;27.01.2022, 19:11:00;26.12.2022, 21:31:00;
fbb930ce10daa2c2e5d801a3e3bb2da178c16da1;sha1;09.08.2022, 18:49:17;;;28.06.2022, 01:47:00;06.12.2022, 17:05:00;
0f5151fa43ce1a0104057559111a14f16e72d23c830f8e5997e87c430c5928a0;sha256;15.12.2022, 11:02:39;;;15.12.2022, 08:08:00;15.12.2022, 11:06:00;
66.235.200.28;ip;30.10.2022, 01:04:05;;27.11.2022, 13:06:01;29.10.2022, 03:00:00;24.12.2022, 03:00:00;
afbdfcf8659eb8687123394c2be5e19b4b070338bedced8053b8a18cd5722387;sha256;05.09.2022, 15:45:07;;05.12.2022, 04:49:02;05.09.2022, 13:49:00;05.09.2022, 17:21:00;
da50eb0f9d836eadf18f215e56cdfc4a;md5;05.09.2022, 14:48:49;;05.12.2022, 04:48:41;05.09.2022, 13:34:00;05.09.2022, 13:35:00;
ff279431981effb092609692eae8a423;md5;05.09.2022, 11:15:48;;05.12.2022, 04:48:56;05.09.2022, 10:10:00;05.09.2022, 10:19:00;
45.9.27.253;ip;17.10.2021, 14:14:42;;27.12.2022, 05:29:45;16.10.2021, 03:00:00;16.10.2021, 03:00:00;
df3bb6ed849ea09593cac5b7f4d6b3dc30f602cf0c29ef08cce7cf3f9b1d775f;sha256;27.09.2022, 16:16:52;;27.12.2022, 05:29:28;16.12.2020, 12:45:00;15.12.2022, 09:52:00;
c8b38b4c046e8e3349fbafa9e2b7f1dbe5c79e8ce7bebea20e3203c227099f55;sha256;12.10.2021, 17:19:52;30.09.2021, 12:16:21;01.12.2021, 10:35:24;21.12.2017, 15:02:00;24.12.2022, 19:38:00;
868869688699686pdf.js;file;03.09.2022, 15:31:07;;05.12.2022, 04:48:48;;;
sdi_r2201.exe;file;05.09.2022, 16:56:54;;05.12.2022, 04:48:38;;;
8eb6c2f56c61f6f86a60ad6397c6197950ccbbc5;sha1;08.11.2022, 06:13:54;;;04.11.2022, 17:40:00;17.12.2022, 13:52:00;
1a1404d32dd5247da24fcc20d12150c74798652c;sha1;22.09.2022, 17:21:21;;;21.09.2022, 06:32:00;21.12.2022, 02:23:00;
66693814b69f9edbb1ce877f82a948f198626380;sha1;10.06.2022, 10:17:18;;;09.06.2022, 09:49:00;26.12.2022, 08:09:00;
hauheung.xyz;domain;18.05.2022, 10:33:53;14.09.2021, 03:00:00;25.10.2022, 21:14:51;;;
932a2bb90d2d8ea3949842fe48e74eea;md5;14.12.2022, 14:44:34;;15.12.2022, 11:23:35;28.11.2022, 13:30:00;15.12.2022, 14:59:00;
kooora4life.com/news/15283/france-vs-maroc.html?k=zivndwc9gcxl3y;url;15.12.2022, 11:04:57;;;;;
d0831492e2f4eb634eb1554f8dc1476bdfd10c4a;sha1;15.12.2022, 11:02:38;;;15.12.2022, 08:46:00;27.12.2022, 07:30:00;
27.43.120.81;ip;20.11.2022, 00:38:37;;27.11.2022, 13:06:01;19.11.2022, 03:00:00;24.12.2022, 03:00:00;
4b504e7292da623eaaa6a9b26ff227eebc1aa425;sha1;09.08.2022, 18:47:18;;;20.11.2021, 08:44:00;27.12.2022, 08:44:00;
d324b32f1d99eba03710ee201ad29669;md5;31.08.2022, 14:18:49;;05.12.2022, 04:48:51;22.08.2022, 04:58:00;08.09.2022, 12:48:00;
8fc7a2c69182df3bd17dfe99691825171c464b86cedcb5c3f61e1c2095b8a14e;sha256;05.09.2022, 15:16:41;;05.12.2022, 04:49:03;05.09.2022, 13:40:00;05.09.2022, 13:50:00;
a0ce3cad7f9c1422ffc178f0ba7039ed76d15503538fce26dee6c559a702d41f;sha256;13.12.2022, 19:41:46;;;13.11.2022, 13:11:00;24.12.2022, 12:37:00;
6ae6eedcba610ef96f58718b71c06cfcb7fcc225;sha1;16.06.2022, 16:21:04;;;22.03.2022, 17:11:00;23.12.2022, 23:36:00;
27087497413030585596.exe;file;01.12.2022, 21:14:01;;;;;
girs.ir/wp-includes/js/mediaelement/wp-mediaelement.min.js;url;01.12.2022, 21:14:18;;;;;
124.29.223.56;ip;07.12.2022, 14:06:21;;08.12.2022, 14:32:10;06.12.2022, 03:00:00;06.12.2022, 03:00:00;
0c0313cae207bae34dd5bffe3c7faff9143152e30a9ae207cb23c450de95ebdd;sha256;26.09.2022, 06:45:50;;05.12.2022, 04:48:58;01.07.2022, 17:30:00;28.11.2022, 04:53:00;
12ffe0ded3b99735df37417a60bb7c216d168ed8;sha1;02.09.2022, 22:58:52;;05.12.2022, 04:48:57;02.09.2022, 18:43:00;05.09.2022, 19:06:00;
comment-reply.min.js;file;02.11.2021, 17:49:07;28.10.2021, 08:19:57;26.12.2022, 05:19:08;27.10.2021, 18:49:01;20.02.2022, 21:20:17;
08fa17f94e3cfda7520ace81055233a88057663b;sha1;16.06.2022, 16:21:25;;;21.03.2022, 10:42:00;26.12.2022, 10:42:00;
203.34.28.44;ip;14.08.2022, 23:56:56;;27.11.2022, 13:06:08;14.08.2022, 03:00:00;24.12.2022, 03:00:00;
al-da.pl;domain;05.12.2022, 04:53:02;;;;06.10.2021, 07:49:56;
indices.exe;file;16.06.2022, 16:21:19;;;;;
hyperrom_reborn-v2(s7flat&edge).zip;file;16.06.2022, 16:21:30;;05.12.2022, 04:48:39;;;
a0525337.exe;file;16.06.2022, 16:22:04;;;;;
894af1c11953c8356181fe55d228445b805bda1637bfa12114e1b2e3f86daa8a;sha256;30.11.2022, 04:07:26;;01.12.2022, 19:15:45;30.11.2022, 02:39:00;01.12.2022, 02:30:00;
ccc22d14dae4c8cb81d92b10c9a29cbc;md5;01.12.2022, 21:13:59;;;01.12.2022, 19:24:00;01.12.2022, 19:24:00;
0ea9fce6a10407ec94e0e63bb636f14a667741d1;sha1;18.05.2022, 10:33:55;;01.11.2022, 05:01:21;22.03.2022, 08:59:00;20.10.2022, 12:19:00;
a0d95af96952d2005dfe0074c9a29f66108dcf21;sha1;05.09.2022, 14:49:01;;05.12.2022, 04:48:49;04.09.2022, 10:01:00;05.09.2022, 14:06:00;
85368f163840a8417ce3d4d709aeb487;md5;18.05.2022, 10:33:55;;01.11.2022, 05:01:21;22.03.2022, 08:59:00;20.10.2022, 12:19:00;
fa23fb2173eeda7b1b81da520f113d55;md5;05.09.2022, 14:19:26;;05.12.2022, 04:49:03;05.09.2022, 12:36:00;05.09.2022, 13:08:00;
fba8b24180134525a63a26dd8869596752121e4b;sha1;05.09.2022, 13:27:51;;05.12.2022, 04:48:51;05.09.2022, 07:47:00;05.09.2022, 18:27:00;
2b573b0bebbdcbd4bd304cefc579327f;md5;15.08.2022, 18:21:56;;;15.08.2022, 16:47:00;27.12.2022, 10:06:00;
4bec3fbf0fb38bad8206ee490f4bdf15;md5;01.12.2022, 18:59:45;;01.12.2022, 20:39:35;01.12.2022, 16:12:00;02.12.2022, 23:17:00;
azure proxyless checker.rar;file;12.12.2022, 10:44:55;;;;;
f065d84545612e2a2847bef98e8d7998bb83ff80;sha1;05.09.2022, 15:45:10;;05.12.2022, 04:48:54;05.09.2022, 14:06:00;05.09.2022, 14:32:00;
7aeca1301ee9a2bfb7eeda46226cd71ac1b9d04893cac1b853abafaf6f074135;sha256;15.12.2022, 11:03:12;;;15.12.2022, 09:04:00;15.12.2022, 09:48:00;
4d07206f5ac3f044aa872cb62256e1f8f1d17e6503e068b9910f243bb4f96193;sha256;03.09.2022, 09:12:06;;05.12.2022, 04:48:45;03.09.2022, 07:56:00;09.09.2022, 01:51:00;
141.101.120.13;ip;26.10.2022, 00:27:23;;27.11.2022, 13:06:08;25.10.2022, 03:00:00;24.12.2022, 03:00:00;13335
8219bdfc5e302bedf7aaa79b65901309;md5;16.06.2022, 16:21:38;;;22.11.2020, 17:27:00;02.12.2022, 02:47:00;
90a1a26cc7f2f5c5221cf1a9013956c2;md5;09.08.2022, 18:48:29;;;16.11.2021, 14:25:00;24.12.2022, 11:12:00;
3140a18d8afcc9558eedffcf1dd746fb00f9c1629da49df95a95b3d1376654e0;sha256;18.05.2022, 10:33:54;;;13.04.2022, 09:53:00;08.11.2022, 10:48:00;
217.251.214.188;ip;23.11.2022, 01:56:01;;01.12.2022, 12:12:25;22.11.2022, 03:00:00;28.11.2022, 03:00:00;
accf30f2d1e9ec040135345c1042dfba4a66c41ee4a3bf25164e6bd36adb3cc4;sha256;01.12.2022, 21:13:53;;01.12.2022, 23:03:19;01.12.2022, 19:24:00;01.12.2022, 19:26:00;
ftp.cyberweb.pl;domain;05.12.2022, 04:53:02;;;;06.11.2021, 18:00:30;
https://mapakadrow.pl/item/jezioro-hancza/;url;05.12.2022, 04:53:02;;;;20.11.2021, 15:17:22;
ftp.wielkawoda.com;domain;05.12.2022, 04:53:02;;;;10.06.2022, 09:38:16;
42.235.28.226;ip;08.11.2022, 00:50:34;;27.11.2022, 13:06:09;07.11.2022, 03:00:00;24.12.2022, 03:00:00;
e832daee00efa2ea1be78bc5c9228dc6079b5852;sha1;05.09.2022, 04:36:02;;;31.08.2022, 18:24:00;15.12.2022, 10:09:00;
998fb6c398eb020cd711de2e9f9e5dd52fac9f68;sha1;05.09.2022, 15:16:14;;;03.09.2022, 15:49:00;15.12.2022, 21:24:00;
42.224.84.119;ip;10.11.2022, 23:52:09;;27.11.2022, 13:06:09;10.11.2022, 03:00:00;24.12.2022, 03:00:00;
69191806a98abe8a9433a13c213833dd;md5;12.10.2021, 17:19:45;29.09.2021, 16:00:27;04.10.2021, 19:18:30;01.09.2022, 09:49:00;07.11.2022, 13:16:00;
fc4626b671b360523094c379c06288fc3dbc84aa;sha1;01.12.2022, 18:58:18;;;01.12.2022, 13:40:00;02.12.2022, 05:23:00;
8.213.199.137;ip;08.12.2022, 14:31:34;;15.12.2022, 15:59:26;05.12.2022, 03:00:00;12.12.2022, 03:00:00;
jakubzal.pl;domain;05.12.2022, 04:53:02;;;;29.09.2022, 03:34:00;
damianw3.ssd-linuxpl.com;domain;05.12.2022, 04:53:02;;;;05.09.2022, 16:28:35;